name,type,attributeConstraint,isRequired,isSearchable,enumKey,enumLabel,label.en,inputTip.en,textInputHint,displayGroup
attr-year,number,None,true,true,,,year of production,,SingleLine,Other
attr-type,enum,SameForAll,true,true,Standard,Standard,Type,Type of bike,SingleLine,Other
,,,,,Sport,Sport,,,,
,,,,,Cruiser,Cruiser / chopper,,,,
,,,,,Touring,Touring,,,,
attr-brand,enum,SameForAll,true,true,Honda,Honda,Brand,,SingleLine,Other
,,,,,Yamaha,Yamaha,,,,
,,,,,Suzuki,Suzuki,,,,
,,,,,Kawasaki,Kawasaki,,,,
attr-model,text,None,true,true,,,Model,,SingleLine,Other
attr-colour,enum,Unique,true,true,Black,Black,Colour,Main colour of bike,SingleLine,Other
,,,,,Blue,Blue,,,,
,,,,,Red,Red,,,,
,,,,,Yellow,Yellow,,,,
,,,,,Green,Green,,,,
,,,,,White,White,,,,
attr-power,number,None,false,true,,,Power,Power (hp),SingleLine,Other
attr-drive,enum,SameForAll,true,true,Chain,Chain,Drivetrain,Type of drivetrain,SingleLine,Other
,,,,,Belt,Belt,,,,
,,,,,Shaft,Shaft,,,,
attr-weight,number,None,false,true,,,Weight,Curb weight (kg),SingleLine,Other
attr-dsp,number,None,false,true,,,Displacement,Displacement (cc),SingleLine,Other
attr-brake,enum,SameForAll,false,true,Disc,Disc,Brakes,Type of brakes,SingleLine,Other
,,,,,Drum,Drum,,,,
,,,,,Disc and drum,Disc and drum,,,,
size,text,CombinationUnique,false,false,,,The right size is important.,,SingleLine,Other
